{
    "total_frames": 2000,
    "accuracy": {
        "5m_10deg": 100.0,
        "0.5m_5deg": 100.0,
        "0.25m_2deg": 98.65,
        "10cm_5deg": 79.05,
        "5cm_5deg": 51.949999999999996,
        "2cm_2deg": 22.3,
        "1cm_1deg": 6.45
    },
    "median_error": {
        "rotation_error_deg": 0.38969190418720245,
        "translation_error_cm": 4.724723845720291
    },
    "mean_error": {
        "rotation_error_deg": 0.4733618402574211,
        "translation_error_cm": 6.477285722998204
    }
}