{
    "total_frames": 1000,
    "accuracy": {
        "5m_10deg": 100.0,
        "0.5m_5deg": 100.0,
        "0.25m_2deg": 99.9,
        "10cm_5deg": 88.9,
        "5cm_5deg": 47.3,
        "2cm_2deg": 7.000000000000001,
        "1cm_1deg": 0.4
    },
    "median_error": {
        "rotation_error_deg": 0.505836546421051,
        "translation_error_cm": 5.246954038739204
    },
    "mean_error": {
        "rotation_error_deg": 0.5732306344993412,
        "translation_error_cm": 5.827279292233288
    }
}