{
    "total_frames": 2000,
    "accuracy": {
        "5m_10deg": 100.0,
        "0.5m_5deg": 100.0,
        "0.25m_2deg": 100.0,
        "10cm_5deg": 100.0,
        "5cm_5deg": 100.0,
        "2cm_2deg": 98.65,
        "1cm_1deg": 85.39999999999999
    },
    "median_error": {
        "rotation_error_deg": 0.19342192262411118,
        "translation_error_cm": 0.45330028515309095
    },
    "mean_error": {
        "rotation_error_deg": 0.2301655971771106,
        "translation_error_cm": 0.5817834628964192
    }
}