{
    "total_frames": 1000,
    "accuracy": {
        "5m_10deg": 100.0,
        "0.5m_5deg": 100.0,
        "0.25m_2deg": 34.4,
        "10cm_5deg": 88.9,
        "5cm_5deg": 47.3,
        "2cm_2deg": 3.6999999999999997,
        "1cm_1deg": 0.0
    },
    "median_error": {
        "rotation_error_deg": 2.3341532945632935,
        "translation_error_cm": 5.2506111562252045
    },
    "mean_error": {
        "rotation_error_deg": 2.4709387843310835,
        "translation_error_cm": 5.831511071464047
    }
}