{
    "total_frames": 1000,
    "accuracy": {
        "5m_10deg": 100.0,
        "0.5m_5deg": 100.0,
        "0.25m_2deg": 96.39999999999999,
        "10cm_5deg": 100.0,
        "5cm_5deg": 96.8,
        "2cm_2deg": 92.4,
        "1cm_1deg": 85.9
    },
    "median_error": {
        "rotation_error_deg": 0.2869347035884857,
        "translation_error_cm": 0.4462329437956214
    },
    "mean_error": {
        "rotation_error_deg": 0.4598705424293876,
        "translation_error_cm": 0.790517886937596
    }
}